<?xml version='1.0' encoding='utf-8'?>
<!DOCTYPE hibernate-configuration PUBLIC
        "-//Hibernate/Hibernate Configuration DTD//EN"
        "http://www.hibernate.org/dtd/hibernate-configuration-3.0.dtd">
<hibernate-configuration>
    <session-factory>
        <property name="hibernate.connection.driver_class">com.mysql.jdbc.Driver</property>
        <property name="hibernate.connection.url">jdbc:mysql://localhost:3306/ToDoList</property>
        <property name="hibernate.connection.username">root</property>
        <property name="connection.password">Ktzv3404</property>
        <property name="show_sql">true</property>
        <property name="hibernate.dialect">org.hibernate.dialect.MySQLDialect</property>
        <property name="hibernate.hbm2ddl.auto">update</property>
        <!-- Mapping files -->
        <mapping resource="toDoListUsers.hbm.xml"/>
        <!--<mapping resource="tasks.hbm.xml"></mapping>-->

    </session-factory>
</hibernate-configuration>
