<?xml version="1.0"?>
<!DOCTYPE hibernate-mapping PUBLIC 
	"-//Hibernate/Hibernate Mapping DTD 3.0//EN"
	"http://hibernate.sourceforge.net/hibernate-mapping-3.0.dtd">
<hibernate-mapping>
	<class name="com.model.Users" table="users">
		<id name="id" type="integer" column="id" >
		</id>
		<property name="firstName">
			<column name="last_name"/>
		</property>
		<property name="lastName">
			<column name="last_name"/>
		</property>
		<property name="phone">
			<column name="phone"/>
		</property>
		<property name="password">
			<column name="password"/>
		</property>
		<property name="emailAddress">
			<column name="email"/>
		</property>
	</class>
</hibernate-mapping>